pedon.x,orig_horizon,subdivision,horizon.x,top cm,base cm,thick,major_color,hue,value,chroma,minor_color,depletion,concentration,texture_modifier,texture_base,structure,consistence,boundary,frags,roots,sample collected,elemental,ID,pH,C_pct,N_pct,CNRatio
42_1_PFM,Oi,NA,Oi,0,6,6,5YR2.5/1,5YR,2.5,1,NA,NA,NA,NA,NA,NA,NA,NA,NA,NA,?,NA,42_1_PFM Oi,NA,NA,NA,NA
42_1_PFM,Oe,NA,Oe,6,11,5,5YR2.5/1,5YR,2.5,1,NA,NA,NA,NA,NA,NA,NA,NA,NA,NA,?,NA,42_1_PFM Oe,NA,NA,NA,NA
42_1_PFM,Oa,NA,Oa,11,14,3,5YR2.5/1,5YR,2.5,1,NA,NA,NA,NA,NA,1mgr,NA,as,0,f,Y,NA,42_1_PFM Oa,NA,NA,NA,NA
42_1_PFM,E,NA,E,14,38,24,7.5YR5/1,7.5YR,5,1,7.5YR6/1,NA,NA,NA,sl,2msbk,fr,NA,10,0,Y,NA,42_1_PFM E,NA,NA,NA,NA
42_1_PFM,R,NA,R,38,38,0,NA,NA,NA,NA,NA,NA,NA,NA,NA,NA,NA,NA,NA,NA,N,NA,42_1_PFM R,NA,NA,NA,NA
42_1_V1.1,O,NA,O,0,6,6,5YR2.5/1,5YR,2.5,1,NA,NA,NA,NA,NA,NA,NA,NA,NA,NA,N,NA,42_1_V1.1 O,NA,NA,NA,NA
42_1_V1.1,R,NA,R,6,6,0,NA,NA,NA,NA,NA,NA,NA,NA,NA,NA,NA,NA,NA,NA,Y,NA,42_1_V1.1 R,NA,NA,NA,NA
42_2_PFM,Oi,NA,Oi,0,3,3,5YR2.5/1,5YR,2.5,1,NA,NA,NA,NA,NA,NA,NA,NA,NA,NA,?,NA,42_2_PFM Oi,NA,NA,NA,NA
42_2_PFM,Oe,NA,Oe,3,6,3,5YR2.5/1,5YR,2.5,1,NA,NA,NA,NA,NA,NA,NA,NA,NA,NA,?,NA,42_2_PFM Oe,NA,NA,NA,NA
42_2_PFM,Oa,NA,Oa,6,8,2,7.5YR3/1,7.5YR,3,1,0,NA,NA,NA,NA,2mgr,NA,cs,0,m,Y,NA,42_2_PFM Oa,NA,26.43682,1.302304,20.30004
42_2_PFM,E1,NA,E1,8,32,24,5YR5/1,5YR,5,1,5YR4/2,NA,NA,NA,sl,2msbk,fr,cs,2,c,Y,Y,42_2_PFM E1,3.28,5.499409,0.985384,5.580979
42_2_PFM,E2,NA,E2,32,47,15,7.5YR4/2,7.5YR,4,2,7.5YR3/2,NA,NA,NA,ls,2msbk,fr,NA,15,f,Y,Y,42_2_PFM E2,3.63,0.644979,0.029635,21.76427
42_2_PFM,R,NA,R,47,47,0,NA,NA,NA,NA,NA,NA,NA,NA,NA,NA,NA,NA,NA,NA,N,NA,42_2_PFM R,NA,NA,NA,NA
42_2_V2.1,Oi,NA,Oi,0,3,3,5YR2.5/1,5YR,2.5,1,NA,NA,NA,NA,NA,NA,NA,NA,NA,NA,Y,NA,42_2_V2.1 Oi,NA,NA,NA,NA
42_2_V2.1,Oe,NA,Oe,3,6,3,5YR2.5/1,5YR,2.5,1,NA,NA,NA,NA,NA,NA,NA,NA,NA,NA,Y,NA,42_2_V2.1 Oe,NA,NA,NA,NA
42_2_V2.1,Oa,NA,Oa,6,8,2,5YR2.5/1,5YR,2.5,1,NA,NA,NA,NA,NA,NA,NA,as,NA,NA,Y,Y,42_2_V2.1 Oa,NA,0.93580700000000006,0.076609,12.2154
42_2_V2.1,E,1,E1,8,14,6,7.5YR6/1,7.5YR,6,1,0,NA,NA,NA,sl,2msbk,fr,as,10,f,Y,Y,42_2_V2.1 E1,3.22,1.150074,0.077011,14.93396
42_2_V2.1,E,2,E2,14,20,6,7.5YR6/1,7.5YR,6,1,0,NA,NA,NA,sl,2msbk,fr,as,10,f,Y,Y,42_2_V2.1 E2,3.35,10.15645,0.439073,23.13158
42_2_V2.1,E,3,E3,20,28,8,7.5YR6/1,7.5YR,6,1,0,NA,NA,NA,sl,2msbk,fr,as,10,f,Y,Y,42_2_V2.1 E3,3.43,0.690337,0.046856,14.73308
42_2_V2.1,E,4,E4,28,32,4,7.5YR6/1,7.5YR,6,1,0,NA,NA,NA,sl,2msbk,fr,as,10,f,Y,Y,42_2_V2.1 E4,4.48,0.504456,0.042377,11.904
42_2_V2.1,R,NA,R,32,32,0,NA,NA,NA,NA,NA,NA,NA,NA,NA,NA,NA,NA,NA,NA,Y,NA,42_2_V2.1 R,NA,NA,NA,NA
42_3_PFM,Oi,NA,Oi,0,3.5,3.5,5YR2.5/1,5YR,2.5,1,NA,NA,NA,NA,NA,NA,NA,NA,NA,NA,?,NA,42_3_PFM Oi,NA,NA,NA,NA
42_3_PFM,Oe,NA,Oe,3.5,5.5,2,5YR2.5/1,5YR,2.5,1,NA,NA,NA,NA,NA,NA,NA,NA,0,f,?,NA,42_3_PFM Oe,NA,NA,NA,NA
42_3_PFM,Oa,NA,Oa,5.5,8.5,3,5YR2.5/1,5YR,2.5,1,0,NA,NA,NA,NA,1mgr,vfr,as,1,f,Y,Y,42_3_PFM Oa,NA,16.8993,1.001189,16.87924
42_3_PFM,Bhs1,NA,Bhs1,8.5,30.5,22,7.5YR2.5/2,7.5YR,2.5,2,0,NA,NA,NA,sl,2msbk,fr,cs,2,0,Y,Y,42_3_PFM Bhs1,3.67,5.690605,0.289994,19.623169999999998
42_3_PFM,Bhs2,NA,Bhs2,30.5,41.5,11,10YR2/2,10YR,2,2,0,NA,NA,NA,sl,2msbk,fr,as,2,0,Y,Y,42_3_PFM Bhs2,3.8,4.558861,0.221183,20.61129
42_3_PFM,Bhs3,NA,Bhs3,41.5,60,18.5,7.5YR3/3,7.5YR,3,3,7.5YR2.5/2,NA,NA,NA,sl,2msbk,fr,cs,2,0,Y,Y,42_3_PFM Bhs3,3.92,5.076976,0.234412,21.65831
42_3_PFM,BC,NA,BC,60,71,11,10YR3/4,10YR,3,4,0,NA,NA,NA,sl,2msbk,fr,NA,5,0,Y,NA,42_3_PFM BC,3.98,6.088694,0.26178,23.25886
42_3_V3.1,Oi,NA,Oi,0,5,5,5YR2.5/1,5YR,2.5,1,NA,NA,NA,NA,NA,NA,NA,NA,NA,NA,Y,NA,42_3_V3.1 Oi,NA,NA,NA,NA
42_3_V3.1,Oe,NA,Oe,5,9,4,5YR2.5/1,5YR,2.5,1,NA,NA,NA,NA,NA,NA,NA,NA,NA,NA,Y,NA,42_3_V3.1 Oe,NA,NA,NA,NA
42_3_V3.1,Oa,NA,Oa,9,13,4,5YR2.5/1,5YR,2.5,1,NA,NA,NA,NA,NA,NA,NA,NA,1,c,Y,Y,42_3_V3.1 Oa,NA,24.68433,1.347829,18.31415
42_3_V3.1,Bhs1,NA,Bhs1,13,21,8,5YR3/2,5YR,3,2,0,NA,NA,NA,sl,1mgr,fr,cs,2,c,Y,Y,42_3_V3.1 Bhs1,3.67,4.876843,0.311452,15.6584
42_3_V3.1,Bhs2,1,Bhs2.1,21,28,7,7.5YR2.5/3,7.5YR,2.5,3,0,NA,NA,NA,sl,2msbk,fr,gw,5,c,Y,Y,42_3_V3.1 Bhs2.1,4.07,3.827281,0.22659,16.89078
42_3_V3.1,Bhs2,2,Bhs2.2,28,35,7,7.5YR2.5/3,7.5YR,2.5,3,0,NA,NA,NA,sl,2msbk,fr,gw,5,c,Y,Y,42_3_V3.1 Bhs2.2,NA,NA,NA,NA
42_3_V3.1,Bhs3,1,Bhs3.1,35,45,10,7.5YR3/3,7.5YR,3,3,0,NA,NA,NA,ls,2mang,fr,gs,10,f,Y,Y,42_3_V3.1 Bhs3.1,4.35,5.021509,0.26269,19.11574
42_3_V3.1,Bhs3,1,Bhs3.1,35,45,10,7.5YR3/3,7.5YR,3,3,0,NA,NA,NA,ls,2mang,fr,gs,10,f,Y,Y,42_3_V3.1 Bhs3.1,4.35,4.283117,0.212924,20.11569
42_3_V3.1,Bhs3,2,Bhs3.2,45,55,10,7.5YR3/3,7.5YR,3,3,0,NA,NA,NA,ls,2mang,fr,gs,10,f,Y,Y,42_3_V3.1 Bhs3.2,4.27,3.369998,0.159437,21.13685
42_3_V3.1,Bhs3,3,Bhs3.3,55,62,7,7.5YR3/3,7.5YR,3,3,0,NA,NA,NA,ls,2mang,fr,gs,10,f,Y,Y,42_3_V3.1 Bhs3.3,4.25,2.666544,0.124958,21.33958
42_3_V3.1,BC,1,BC1,62,67,5,10YR4/4,10YR,4,4,7.5Y2.5/3,NA,NA,gr,ls,1mang,vfr,cs,25,f,Y,Y,42_3_V3.1 BC1,4.3,1.990993,0.090452,22.0115
42_3_V3.1,BC,2,BC2,67,77,10,10YR4/4,10YR,4,4,7.5Y2.5/3,NA,NA,gr,ls,1mang,vfr,cs,25,f,Y,Y,42_3_V3.1 BC2,4.27,1.864112,0.08533,21.84583
42_3_V3.1,BC,3,BC3,77,82,5,10YR4/4,10YR,4,4,7.5Y2.5/3,NA,NA,gr,ls,1mang,vfr,cs,25,f,Y,Y,42_3_V3.1 BC3,NA,NA,NA,NA
42_3_V3.1,C,1,C1,82,87,5,2.5Y4/3,2.5Y,4,3,10YR4/3,NA,NA,gr,ls,1mang,vfr,gs,20,f,Y,NA,42_3_V3.1 C1,NA,NA,NA,NA
42_3_V3.1,C,2,C2,87,93,6,2.5Y4/3,2.5Y,4,3,10YR4/3,NA,NA,gr,ls,1mang,vfr,gs,20,f,Y,NA,42_3_V3.1 C2,NA,NA,NA,NA
42_3_V3.1,D,1,D1,93,97,4,2.5Y5/3,2.5Y,5,3,0,NA,NA,vgr,ls,1mang,vfr,cs,45,f,Y,NA,42_3_V3.1 D1,4.28,1.128631,0.046388,24.33004
42_3_V3.1,D,2,D2,108,123,15,2.5Y5/3,2.5Y,5,3,0,NA,NA,NA,ls,NA,NA,NA,0,0,Y,Y,42_3_V3.1 D2,NA,NA,NA,NA
42_3_V3.1,D,3,D3,126,138,12,NA,NA,NA,NA,NA,NA,NA,NA,NA,NA,NA,NA,NA,NA,Y,NA,42_3_V3.1 D3,NA,NA,NA,NA
42_3_V3.1,D,4,D4,186,225,39,NA,NA,NA,NA,NA,NA,NA,NA,s,NA,NA,NA,NA,NA,Y,NA,42_3_V3.1 D4,NA,NA,NA,NA
42_3_V3.1,D,5,D5,225,230,5,2.5Y6/2,2.5Y,6,2,0,NA,NA,NA,s,NA,NA,NA,NA,NA,Y,NA,42_3_V3.1 D5,4.33,0.401695,0.012708,31.61026
42_3_V3.1,D,6,D6,235,240,5,2.5Y5/2,2.5Y,5,2,0,NA,NA,NA,fs,NA,NA,NA,NA,NA,Y,NA,42_3_V3.1 D6,NA,NA,NA,NA
42_3_V3.1,D,7,D7,245,250,5,2.5Y5/2,2.5Y,5,2,0,NA,NA,NA,fsl,NA,NA,NA,NA,NA,Y,NA,42_3_V3.1 D7,NA,NA,NA,NA
42_3_V3.1,D,8,D8,255,260,5,2.5Y5/2,2.5Y,5,2,0,NA,NA,NA,fsl,NA,NA,NA,NA,NA,Y,NA,42_3_V3.1 D8,NA,NA,NA,NA
42_3_V3.1,D,9,D9,260,267,7,2.5Y5/2,2.5Y,5,2,0,NA,NA,NA,fsl,NA,NA,NA,NA,NA,Y,NA,42_3_V3.1 D9,NA,NA,NA,NA
42_3_V3.1,D,10,D10,270,275,5,0,0,0,0,0,NA,NA,NA,NA,NA,NA,NA,NA,NA,Y,Y,42_3_V3.1 D10,NA,NA,NA,NA
42_3_V3.2,Oi,NA,Oi,0,1,1,5YR2.5/1,5YR,2.5,1,NA,NA,NA,NA,NA,NA,NA,NA,NA,NA,Y,NA,42_3_V3.2 Oi,NA,NA,NA,NA
42_3_V3.2,Oe,NA,Oe,1,3,2,5YR2.5/1,5YR,2.5,1,NA,NA,NA,NA,NA,NA,NA,NA,0,m,Y,NA,42_3_V3.2 Oe,NA,NA,NA,NA
42_3_V3.2,Oa,NA,Oa,3,5.5,2.5,5YR2.5/1,5YR,2.5,1,NA,NA,NA,NA,NA,NA,NA,cs,0,c,Y,NA,42_3_V3.2 Oa,NA,NA,NA,NA
42_3_V3.2,A,NA,A,5.5,13,7.5,7.5YR2.5/1,7.5YR,2.5,1,0,NA,NA,NA,sl,2msbk,vfr,cs,0,c,Y,NA,42_3_V3.2 A,NA,NA,NA,NA
42_3_V3.2,Bhs1,NA,Bhs1,13,35,22,7.5YR2.5/1,7.5YR,2.5,1,0,NA,NA,NA,sl,2msbk,fr,cs,0,f,Y,NA,42_3_V3.2 Bhs1,NA,NA,NA,NA
42_3_V3.2,Bhs2,NA,Bhs2,35,59,24,7.5YR2.5/2,7.5YR,2.5,2,0,NA,NA,NA,sl,2msbk,fr,cw,1,0,Y,NA,42_3_V3.2 Bhs2,NA,NA,NA,NA
42_3_V3.2,Bhs3,NA,Bhs3,59,74,15,5YR2.5/2,5YR,2.5,2,5YR3/4,NA,NA,NA,sl,2msbk,fr,as,2,0,Y,NA,42_3_V3.2 Bhs3,NA,NA,NA,NA
42_3_V3.2,Bsm,NA,Bsm,74,90,16,7.5YR3/4,7.5YR,3,4,7.5YR3/3,NA,NA,NA,sl,2msbk,fi,NA,10,0,Y,NA,42_3_V3.2 Bsm,NA,NA,NA,NA
42_4_PFM,Oi,NA,Oi,0,5.5,5.5,5YR2.5/1,5YR,2.5,1,NA,NA,NA,NA,NA,NA,NA,NA,NA,NA,?,NA,42_4_PFM Oi,NA,NA,NA,NA
42_4_PFM,Oe,NA,Oe,5.5,7.5,2,5YR2.5/1,5YR,2.5,1,NA,NA,NA,NA,NA,NA,NA,NA,NA,NA,?,NA,42_4_PFM Oe,NA,NA,NA,NA
42_4_PFM,Oa,NA,Oa,7.5,9,1.5,5YR2.5/1,5YR,2.5,1,0,NA,NA,NA,NA,1mgr,fr,ab,2,c,Y,NA,42_4_PFM Oa,NA,NA,NA,NA
42_4_PFM,E,NA,E,9,11.5,2.5,10YR4/2,10YR,4,2,0,NA,NA,NA,sl,2msbk,fr,aw,2,f,Y,Y,42_4_PFM E,3.08,2.355376,0.147391,15.98049
42_4_PFM,Bhs1,NA,Bhs1,11.5,16,4.5,5YR2.5/2,5YR,2.5,2,0,NA,NA,NA,sl,2msbk,fr,cs,2,f,Y,Y,42_4_PFM Bhs1,3.24,6.590477,0.391606,16.82936
42_4_PFM,Bhs2,NA,Bhs2,16,36,20,7.5YR3/3,7.5YR,3,3,0,NA,NA,NA,sl,2msbk,fr,gs,10,0,Y,Y,42_4_PFM Bhs2,3.65,5.515278,0.298212,18.49449
42_4_PFM,Bh,NA,Bh,36,45,9,10YR3/3,10YR,3,3,0,NA,NA,NA,sl,2msbk,fr,as,10,0,Y,Y,42_4_PFM Bh,4.1,3.154836,0.152143,20.73594
42_4_PFM,BC,NA,BC,45,50.5,5.5,10YR4/4,10YR,4,4,0,NA,NA,NA,sl,2msbk,fr,NA,10,0,Y,Y,42_4_PFM BC,4.18,3.138989,0.149297,21.02515
42_4_V4.1,Oi,NA,Oi,0,3,3,5YR2.5/1,5YR,2.5,1,NA,NA,NA,NA,NA,NA,NA,NA,NA,NA,Y,NA,42_4_V4.1 Oi,NA,NA,NA,NA
42_4_V4.1,Oe,NA,Oe,3,8,5,5YR2.5/1,5YR,2.5,1,NA,NA,NA,NA,NA,NA,NA,NA,0,m,Y,NA,42_4_V4.1 Oe,NA,NA,NA,NA
42_4_V4.1,Oa,NA,Oa,8,16,8,5YR2.5/1,5YR,2.5,1,NA,NA,NA,NA,NA,NA,NA,as,0,c,Y,Y,42_4_V4.1 Oa,2.62,18.91962,0.901933,20.97674
42_4_V4.1,E,NA,E,16,24,8,7.5YR5/2,7.5YR,5,2,5YR4/1,NA,NA,NA,ls,2msbk,fr,aw,2,f,Y,Y,42_4_V4.1 E,3.14,1.369657,0.070206,19.50917
42_4_V4.1,Bhs1,NA,Bhs1,24,32.5,8.5,5YR3/1,5YR,3,1,0,NA,NA,NA,sl,2msbk,fr,cw,2,f,Y,Y,42_4_V4.1 Bhs1,3.26,2.831048,0.154016,18.38147
42_4_V4.1,Bhs2,1,Bhs2.1,32.5,38,5.5,7.5YR3/3,7.5YR,3,3,0,NA,NA,NA,sl,2msbk,fr,cs,2,f,Y,Y,42_4_V4.1 Bhs2.1,3.49,4.557301,0.221101,20.61185
42_4_V4.1,Bhs2,2,Bhs2.2,38,43,5,7.5YR3/3,7.5YR,3,3,0,NA,NA,NA,sl,2msbk,fr,cs,2,f,Y,Y,42_4_V4.1 Bhs2.2,3.68,4.786913,0.215078,22.25663
42_4_V4.1,Bh,1,Bh1,43,50,7,10YR3/2,10YR,3,2,10YR2/2,NA,NA,NA,sl,2msbk,fr,gs,2,f,Y,Y,42_4_V4.1 Bh1,3.89,4.372786,0.188937,23.14413
42_4_V4.1,Bh,2,Bh2,50,56.5,6.5,10YR3/2,10YR,3,2,10YR2/2,NA,NA,NA,sl,2msbk,fr,gs,2,f,Y,Y,42_4_V4.1 Bh2,4.05,3.75469,0.168609,22.26864
42_4_V4.1,BC,NA,BC,56.5,66,9.5,10YR4/3,10YR,4,3,5YR3/2,NA,NA,NA,sl,2msbk,fr,gs,2,0,Y,Y,42_4_V4.1 BC,4.17,2.078194,0.088525,23.47568
42_4_V4.1,Cd,NA,Cd,66,73.5,7.5,2.5Y5/2,2.5Y,5,2,5YR3/2,NA,NA,NA,ls,2mpl,fi,gs,10,0,Y,NA,42_4_V4.1 Cd,NA,0.357995,0.012055,29.69631
42_4_V4.1,D,NA,C1,73.5,82,8.5,2.5Y5/3,2.5Y,5,3,0,NA,NA,vgr,ls,1mpl,vfr,NA,40,0,Y,NA,42_4_V4.1 C1,NA,NA,NA,NA
42_4_V4.1,D,NA,C2,82,90,8,2.5Y5/3,2.5Y,5,3,0,NA,NA,vgr,ls,1mpl,vfr,NA,40,0,Y,Y,42_4_V4.1 C2,NA,NA,NA,NA
42_4_V4.1,D,1,D1,87,94,7,2.5Y4/2,2.5Y,4,2,0,NA,NA,gr,ls,NA,NA,NA,0,0,Y,NA,42_4_V4.1 D1,NA,NA,NA,NA
42_4_V4.1,D,2,D2,94,110,16,2.5Y4/2,2.5Y,4,2,0,NA,NA,gr,ls,NA,NA,NA,0,0,Y,NA,42_4_V4.1 D2,NA,NA,NA,NA
42_4_V4.1,D,3,D3,110,118,8,2.5Y5/2,2.5Y,5,2,0,NA,NA,NA,fsl,NA,NA,NA,0,0,Y,NA,42_4_V4.1 D3,NA,NA,NA,NA
42_4_V4.1,D,4,D4,118,126.5,8.5,5Y5/2,5Y,5,2,0,NA,NA,NA,fsl,NA,NA,NA,0,0,Y,Y,42_4_V4.1 D4,4.45,0.201354,0.008238,24.44088
42_4_V4.1,D,5,D5,126.5,132,5.5,5Y5/2,5Y,5,2,0,NA,NA,gr,fsl,NA,NA,NA,0,0,Y,NA,42_4_V4.1 D5,NA,NA,NA,NA
42_4_V4.1,D,6,D6,147,152,5,5Y4/2,5Y,4,2,0,NA,NA,NA,fsl,NA,NA,NA,0,0,Y,NA,42_4_V4.1 D6,NA,NA,NA,NA
42_4_V4.1,D,7,D7,150,155,5,5Y5/2,5Y,5,2,0,NA,NA,vgr,fsl,NA,NA,NA,0,0,Y,NA,42_4_V4.1 D7,NA,NA,NA,NA
42_4_V4.1,D,8,D8,166,171,5,NA,NA,NA,NA,NA,NA,NA,NA,NA,NA,NA,NA,NA,NA,Y,NA,42_4_V4.1 D8,NA,NA,NA,NA
42_4_V4.1,D,9,D9,180,184,4,NA,NA,NA,NA,NA,NA,NA,NA,NA,NA,NA,NA,NA,NA,Y,Y,42_4_V4.1 D9,NA,0.174403,0.007916,22.03191
42_4_V4.2,Oi,NA,Oi,0,6,6,5YR2.5/1,5YR,2.5,1,NA,NA,NA,NA,NA,NA,NA,NA,NA,NA,Y,NA,42_4_V4.2 Oi,NA,NA,NA,NA
42_4_V4.2,Oe,NA,Oe,6,9,3,5YR2.5/1,5YR,2.5,1,NA,NA,NA,NA,NA,NA,NA,NA,NA,NA,Y,NA,42_4_V4.2 Oe,NA,NA,NA,NA
42_4_V4.2,Oa,NA,Oa,9,11,2,7.5YR2.5/2,7.5YR,2.5,2,0,NA,NA,NA,NA,1mgr,NA,cs,0,m,Y,NA,42_4_V4.2 Oa,NA,NA,NA,NA
42_4_V4.2,E,NA,E,11,16,5,7.5YR7/1,7.5YR,7,1,5YR4/1,NA,NA,NA,ls,2msbk,fr,cs,2,c,Y,NA,42_4_V4.2 E,NA,NA,NA,NA
42_4_V4.2,Bhs,NA,Bhs,16,20,4,5YR2.5/2,5YR,2.5,2,0,NA,NA,NA,sl,2msbk,fr,cw,2,f,Y,NA,42_4_V4.2 Bhs,NA,NA,NA,NA
42_4_V4.2,Bs,NA,Bs,20,48,28,7.5YR3/3,7.5YR,3,3,"7.5YR2.5/3, 7.5YR3/4",NA,NA,NA,sl,2msbk,fr,cs,5,f,Y,NA,42_4_V4.2 Bs,NA,NA,NA,NA
42_4_V4.2,BC,NA,BC,48,62,14,10YR3/3,10YR,3,3,"5YR2.5/2, 7.5YR5/3",NA,NA,NA,sl,2msbk,fr,cs,5,f,Y,NA,42_4_V4.2 BC,NA,NA,NA,NA
42_4_V4.2,Cd,NA,Cd,62,68,6,2.5Y4/3,2.5Y,4,3,0,NA,NA,NA,ls,1msbk,fr,NA,8,0,N,NA,42_4_V4.2 Cd,NA,NA,NA,NA
42_5_V5.1,Oi,NA,Oi,0,3,3,5YR2.5/1,5YR,2.5,1,NA,NA,NA,NA,NA,NA,NA,NA,NA,NA,Y,NA,42_5_V5.1 Oi,NA,NA,NA,NA
42_5_V5.1,Oe,NA,Oe,3,9,6,5YR2.5/1,5YR,2.5,1,NA,NA,NA,NA,NA,NA,NA,NA,NA,NA,Y,NA,42_5_V5.1 Oe,NA,NA,NA,NA
42_5_V5.1,Oa,NA,Oa,9,15,6,7.5YR2.5/2,7.5YR,2.5,2,0,NA,NA,NA,NA,1mgr,NA,as,0,m,Y,NA,42_5_V5.1 Oa,NA,NA,NA,NA
42_5_V5.1,Bhs,NA,Bhs,15,44,29,7.5YR2.5/1,7.5YR,2.5,1,0,NA,NA,NA,sl,2msbk,fr,cs,2,c,Y,NA,42_5_V5.1 Bhs,4.05,NA,NA,NA
42_5_V5.1,Bh1,NA,Bh1,44,55,11,10YR3/1,10YR,3,1,7.5YR2.5/3,NA,NA,NA,sl,2msbk,fr,cs,5,f,Y,NA,42_5_V5.1 Bh1,4.33,NA,NA,NA
42_5_V5.1,Bh2,NA,Bh2,55,68,13,10YR3/2,10YR,3,2,0,NA,NA,NA,sl,1msbk,fr,NA,8,f,Y,NA,42_5_V5.1 Bh2,4.23,NA,NA,NA
42_5_V5.2,Oi,NA,Oi,0,6,6,5YR2.5/1,5YR,2.5,1,NA,NA,NA,NA,NA,NA,NA,NA,NA,NA,Y,NA,42_5_V5.2 Oi,NA,NA,NA,NA
42_5_V5.2,Oe,NA,Oe,6,11,5,5YR2.5/1,5YR,2.5,1,NA,NA,NA,NA,NA,NA,NA,NA,NA,NA,Y,NA,42_5_V5.2 Oe,NA,NA,NA,NA
42_5_V5.2,Oa,NA,Oa,11,16,5,5YR2.5/2,5YR,2.5,2,0,NA,NA,NA,NA,1mgr,NA,as,0,m,Y,NA,42_5_V5.2 Oa,NA,NA,NA,NA
42_5_V5.2,Bhs,NA,Bhs,16,28,12,5YR2.5/1,5YR,2.5,1,0,NA,NA,NA,sl,1msbk,fr,cw,2,c,Y,NA,42_5_V5.2 Bhs,NA,NA,NA,NA
42_5_V5.2,Bh,NA,Bh,28,63,35,10YR2/2,10YR,2,2,0,NA,NA,NA,sl,2msbk,fr,NA,8,f,Y,NA,42_5_V5.2 Bh,NA,NA,NA,NA
52_1_PFM,O,NA,O,NA,NA,0,5YR2.5/1,5YR,2.5,1,NA,NA,NA,NA,NA,NA,NA,NA,NA,NA,N,NA,52_1_PFM O,NA,NA,NA,NA
52_1_X1.1,O,NA,O,0,9,9,5YR2.5/1,5YR,2.5,1,NA,NA,NA,NA,NA,NA,NA,NA,NA,NA,N,NA,52_1_X1.1 O,NA,NA,NA,NA
52_1_X1.1,R,NA,R,9,9,0,NA,NA,NA,NA,NA,NA,NA,NA,NA,NA,NA,NA,NA,NA,Y,NA,52_1_X1.1 R,NA,NA,NA,NA
52_2_PFM,Oi,NA,Oi,0,5,5,5YR2.5/1,5YR,2.5,1,NA,NA,NA,NA,NA,NA,NA,NA,NA,NA,?,NA,52_2_PFM Oi,NA,NA,NA,NA
52_2_PFM,Oe,NA,Oe,5,8,3,5YR2.5/1,5YR,2.5,1,NA,NA,NA,NA,NA,NA,NA,NA,NA,NA,?,NA,52_2_PFM Oe,NA,NA,NA,NA
52_2_PFM,Oa,NA,Oa,8,10,2,5YR2.5/1,5YR,2.5,1,0,NA,NA,NA,NA,1mgr,NA,cb,0,m,Y,Y,52_2_PFM Oa,NA,31.2401,1.859805,16.79751
52_2_PFM,E,NA,E,10,30,20,5YR4/1,5YR,4,1,0,NA,NA,NA,sl,2msbk,fr,NA,5,c,Y,Y,52_2_PFM E,3.22,2.724032,0.15349,17.74726
52_2_PFM,R,NA,R,30,30,0,NA,NA,NA,NA,NA,NA,NA,NA,NA,NA,NA,NA,NA,NA,N,NA,52_2_PFM R,NA,NA,NA,NA
52_2_X2.1,Oi,NA,Oi,0,4,4,5YR2.5/1,5YR,2.5,1,NA,NA,NA,NA,NA,NA,NA,NA,NA,NA,Y,NA,52_2_X2.1 Oi,NA,NA,NA,NA
52_2_X2.1,Oe,NA,Oe,4,7,3,5YR2.5/1,5YR,2.5,1,NA,NA,NA,NA,NA,NA,NA,NA,NA,NA,Y,NA,52_2_X2.1 Oe,NA,NA,NA,NA
52_2_X2.1,Oa,NA,Oa,7,12.5,5.5,5YR2.5/1,5YR,2.5,1,0,NA,NA,NA,NA,1mgr,fr,cs,0,m,Y,Y,52_2_X2.1 Oa,NA,25.06405,1.275378,19.65226
52_2_X2.1,E1,1,E1.1,12.5,19.5,7,5YR5/2,5YR,5,2,0,NA,NA,NA,sl,2msbk,fr,cs,2,NA,Y,Y,52_2_X2.1 E1.1,3.31,1.906842,0.096032,19.85635
52_2_X2.1,E1,2,E1.2,19.5,26,6.5,5YR5/2,5YR,5,2,0,NA,NA,NA,sl,2msbk,fr,cs,2,NA,Y,Y,52_2_X2.1 E1.2,3.35,1.090734,0.068476,15.92866
52_2_X2.1,E2,NA,E2,26,30,4,7.5YR5/1,7.5YR,5,1,0,NA,NA,NA,sl,2msbk,fr,NA,2,NA,Y,Y,52_2_X2.1 E2,3.44,0.443553,0.029576,14.99702
52_2_X2.1,R,NA,R,30,30,0,NA,NA,NA,NA,NA,NA,NA,NA,NA,NA,NA,NA,NA,NA,Y,NA,52_2_X2.1 R,NA,NA,NA,NA
52_3_PFM,Oi,NA,Oi,0,9.5,9.5,5YR2.5/1,5YR,2.5,1,NA,NA,NA,NA,NA,NA,NA,NA,0,NA,?,NA,52_3_PFM Oi,NA,NA,NA,NA
52_3_PFM,Oe,NA,Oe,9.5,16.5,7,5YR2.5/1,5YR,2.5,1,NA,NA,NA,NA,NA,NA,NA,NA,0,NA,?,NA,52_3_PFM Oe,NA,NA,NA,NA
52_3_PFM,Oa,NA,Oa,16.5,23,6.5,7.5YR3/1,7.5YR,3,1,0,NA,NA,NA,NA,1mgr,NA,as,0,c,Y,Y,52_3_PFM Oa,NA,20.1491,1.096479,18.37619
52_3_PFM,Bhs1,NA,Bhs1,23,33,10,7.5YR3/1,7.5YR,3,1,7.5YR2.5/1,NA,NA,gr,sl,2msbk,fr,cw,20,f,Y,Y,52_3_PFM Bhs1,3.19,8.367753,0.409462,20.43599
52_3_PFM,Bhs2,NA,Bhs2,33,48,15,7.5YR3/2,7.5YR,3,2,0,NA,NA,vgr,sl,1msbk,fr,NA,50,NA,Y,Y,52_3_PFM Bhs2,3.8,1.660616,0.083263,19.94422
52_3_PFM,R,NA,R,48,48,0,NA,NA,NA,NA,NA,NA,NA,NA,NA,NA,NA,NA,NA,NA,N,NA,52_3_PFM R,NA,NA,NA,NA
52_3_X3.1,Oi,NA,Oi,0,2,2,5YR2.5/1,5YR,2.5,1,NA,NA,NA,NA,NA,NA,NA,NA,0,NA,Y,NA,52_3_X3.1 Oi,NA,NA,NA,NA
52_3_X3.1,Oe,NA,Oe,2,4,2,5YR2.5/1,5YR,2.5,1,NA,NA,NA,NA,NA,NA,NA,NA,0,NA,Y,NA,52_3_X3.1 Oe,NA,NA,NA,NA
52_3_X3.1,Oa,NA,Oa,4,9,5,10YR2.5/1,10YR,2.5,1,0,NA,NA,NA,NA,1mgr,vfr,cs,0,c,Y,Y,52_3_X3.1 Oa,2.93,11.15172,0.602179,18.51894
52_3_X3.1,E,NA,E,9,15,6,5YR4/1,5YR,4,1,0,NA,NA,NA,ls,2msbk,vfr,as,5,NA,Y,Y,52_3_X3.1 E,3.34,1.849276,0.11844,15.61361
52_3_X3.1,Bhs1,NA,Bhs1,15,20,5,7.5YR2.5/1,7.5YR,2.5,1,10YR2.5/1,NA,NA,NA,sl,2msbk,fr,cs,5,f,Y,Y,52_3_X3.1 Bhs1,3.48,8.570352,0.461684,18.56322
52_3_X3.1,Bhs2,1,Bhs2.1,20,28,8,7.5YR2.5/2,7.5YR,2.5,2,0,NA,NA,NA,sl,2msbk,fr,aw,10,f,Y,Y,52_3_X3.1 Bhs2.1,3.71,6.539672,0.32405,20.18107
52_3_X3.1,Bhs2,2,Bhs2.2,28,36,8,7.5YR2.5/2,7.5YR,2.5,2,0,NA,NA,NA,sl,2msbk,fr,aw,10,f,Y,Y,52_3_X3.1 Bhs2.2,3.81,6.539776,0.313042,20.89105
52_3_X3.1,Bhs2,3,Bhs2.3,36,46,10,7.5YR2.5/2,7.5YR,2.5,2,0,NA,NA,NA,sl,2msbk,fr,aw,10,f,Y,Y,52_3_X3.1 Bhs2.3,3.98,4.682695,0.209279,22.37536
52_3_X3.1,BC,NA,BC1,46,55,9,10YR4/4,10YR,4,4,5YR2.5/2,NA,NA,NA,ls,2msbk,fr,NA,15,NA,Y,Y,52_3_X3.1 BC1,4.17,2.481449,0.105705,23.47533
52_3_X3.1,BC,NA,BC2,55,75,20,10YR4/4,10YR,4,4,5YR2.5/2,NA,NA,NA,ls,2msbk,fr,NA,15,NA,Y,Y,52_3_X3.1 BC2,4.31,1.154406,0.047221,24.44692
52_3_X3.1,D,1,D1,105,180,75,NA,NA,NA,NA,NA,NA,NA,NA,NA,NA,NA,NA,NA,NA,Y,Y,52_3_X3.1 D1,4.76,0.266844,0.009684,27.55381
52_3_X3.1,D,3,D3,280,300,20,NA,NA,NA,NA,NA,NA,NA,NA,NA,NA,NA,NA,NA,NA,Y,Y,52_3_X3.1 D3,4.84,0.051537,0.003191,16.1508
52_4_PFM,Oi,NA,Oi,0,5,5,5YR2.5/1,5YR,2.5,1,NA,NA,NA,NA,NA,NA,NA,NA,0,NA,?,NA,52_4_PFM Oi,NA,NA,NA,NA
52_4_PFM,Oe,NA,Oe,5,10,5,5YR2.5/1,5YR,2.5,1,NA,NA,NA,NA,NA,NA,NA,NA,0,NA,?,NA,52_4_PFM Oe,NA,NA,NA,NA
52_4_PFM,Oa,NA,Oa,10,15,5,7.5YR2.5/1,7.5YR,2.5,1,0,NA,NA,NA,NA,2mgr,NA,cs,0,m,Y,NA,52_4_PFM Oa,NA,NA,NA,NA
52_4_PFM,Bh1,NA,Bh1,15,32,17,10YR3/1,10YR,3,1,0,NA,NA,NA,sl,2msbk,fr,cs,2,c,Y,Y,52_4_PFM Bh1,3.87,5.232807,0.290942,17.98577
52_4_PFM,Bh2,NA,Bh2,32,63,31,10YR3/2,10YR,3,2,0,NA,NA,NA,sl,2msbk,fr,cs,2,f,Y,Y,52_4_PFM Bh2,4.02,3.992686,0.202262,19.74019
52_4_PFM,BC,NA,BC,63,72,9,10YR4/3,10YR,4,3,0,NA,NA,NA,ls,1msbk,fr,NA,5,NA,Y,NA,52_4_PFM BC,NA,NA,NA,NA
52_4_X4.1,Oi,NA,Oi,0,4,4,5YR2.5/1,5YR,2.5,1,NA,NA,NA,NA,NA,NA,NA,NA,0,NA,Y,NA,52_4_X4.1 Oi,NA,NA,NA,NA
52_4_X4.1,Oe,NA,Oe,4,9,5,5YR2.5/1,5YR,2.5,1,NA,NA,NA,NA,NA,NA,NA,NA,0,NA,Y,NA,52_4_X4.1 Oe,NA,NA,NA,NA
52_4_X4.1,Oa,NA,Oa,9,16,7,5YR2.5/1,5YR,2.5,1,NA,NA,NA,NA,NA,1mgr,NA,ab,0,NA,Y,Y,52_4_X4.1 Oa,2.85,11.54272,0.525917,21.94779
52_4_X4.1,E,NA,E,16,26,10,7.5YR4/2,7.5YR,4,2,7.5YR3/2,NA,NA,NA,sl,2msbk,fr,aw,2,f,Y,Y,52_4_X4.1 E,3.32,0.981546,0.05509,17.81717
52_4_X4.1,Bhs,NA,Bhs,26,31,5,7.5YR2.5/1,7.5YR,2.5,1,0,NA,NA,NA,sl,2msbk,fr,aw,5,f,Y,Y,52_4_X4.1 Bhs,3.52,5.248801,0.264091,19.87494
52_4_X4.1,Bs1,NA,Bs1,31,36,5,7.5YR3/4,7.5YR,3,4,"7.5YR2.5/1, 7.5YR4/6",NA,NA,NA,sl,2msbk,fi,cw,10,NA,Y,Y,52_4_X4.1 Bs1,3.85,4.672497,0.187884,24.86901
52_4_X4.1,Bs2,1,Bs2.1,36,45,9,7.5YR2.5/2,7.5YR,2.5,2,7.5YR3/3,NA,NA,NA,sl,2msbk,fr,cs,5,NA,Y,Y,52_4_X4.1 Bs2.1,4.05,5.914241,0.228905,25.83715
52_4_X4.1,Bs2,2,Bs2.2,45,54.5,9.5,7.5YR2.5/2,7.5YR,2.5,2,7.5YR3/3,NA,NA,NA,sl,2msbk,fr,cs,5,NA,Y,Y,52_4_X4.1 Bs2.2,4.14,5.014555,0.203293,24.6666
52_4_X4.1,BC,1,BC1,54.5,62,7.5,10YR3/4,10YR,3,4,2.5Y4/4,NA,NA,NA,sl,2msbk,fr,NA,25,NA,Y,Y,52_4_X4.1 BC1,4.29,2.580878,0.129888,19.87011
52_4_X4.1,BC,2,BC2,62,69,7,10YR3/4,10YR,3,4,2.5Y4/4,NA,NA,NA,sl,2msbk,fr,NA,25,NA,Y,Y,52_4_X4.1 BC2,4.35,2.344591,0.114135,20.54233
52_4_X4.1,C,1,D1,75,85,10,10YR4/4,10YR,4,4,0,NA,NA,gr,ls,NA,NA,NA,NA,NA,Y,NA,52_4_X4.1 D1,4.47,0.434117,0.020958,20.71335
52_4_X4.1,C,2,D2,85,95,10,10YR4/2,10YR,4,2,0,NA,NA,gr,s,NA,NA,NA,NA,NA,Y,NA,52_4_X4.1 D2,NA,NA,NA,NA
52_4_X4.1,D,3,D3,109,111,2,10YR5/2,10YR,5,2,0,NA,NA,vgr,s,NA,NA,NA,NA,NA,Y,Y,52_4_X4.1 D3,4.55,0.331247,0.012517,26.46357
52_4_X4.1,D,4,D4,112,122,10,10YR5/2,10YR,5,2,0,NA,NA,gr,s,NA,NA,NA,NA,NA,Y,NA,52_4_X4.1 D4,4.52,0.283143,0.020904,13.54524
52_4_X4.1,D,5,D5,126,134,8,10YR5/2,10YR,5,2,0,NA,NA,NA,ls,NA,NA,NA,NA,NA,Y,NA,52_4_X4.1 D5,4.57,0.15438,0.007922,19.48843
52_4_X4.1,D,6,D6,134,144,10,10YR5/3,10YR,5,3,0,NA,NA,NA,s,NA,NA,NA,NA,NA,Y,Y,52_4_X4.1 D6,NA,NA,NA,NA
52_4_X4.1,D,7,D7,144,155,11,10YR5/2,10YR,5,2,0,NA,NA,gr,s,NA,NA,NA,NA,NA,Y,NA,52_4_X4.1 D7,NA,NA,NA,NA
52_4_X4.1,D,8,D8,155,160,5,10YR5/2,10YR,5,2,0,NA,NA,gr,s,NA,NA,NA,NA,NA,Y,Y,52_4_X4.1 D8,NA,NA,NA,NA
52_4_X4.1,D,9,D9,160,172,12,2.5Y6/2,2.5Y,6,2,0,NA,NA,NA,lfs,NA,NA,NA,NA,NA,Y,Y,52_4_X4.1 D9,4.89,0.049281,0.006277,7.85162
52_4_X4.1,D,10,D10,172,178,6,2.5Y6/2,2.5Y,6,2,0,NA,NA,gr,lfs,NA,NA,NA,NA,NA,Y,NA,52_4_X4.1 D10,NA,NA,NA,NA
52_4_X4.1,D,11,D11,184,189,5,2.5Y5/2,2.5Y,5,2,0,NA,NA,gr,lfs,NA,NA,NA,NA,NA,Y,NA,52_4_X4.1 D11,NA,NA,NA,NA
52_4_X4.1,D,12,D12,190,195,5,2.5Y6/2,2.5Y,6,2,0,NA,NA,NA,fsl,NA,NA,NA,NA,NA,Y,NA,52_4_X4.1 D12,NA,NA,NA,NA
52_4_X4.1,D,13,D13,207,217,10,2.5Y6/2,2.5Y,6,2,0,NA,NA,gr,fsl,NA,NA,NA,NA,NA,Y,NA,52_4_X4.1 D13,NA,NA,NA,NA
52_4_X4.1,D,14,D14,220,230,10,2.5Y5/2,2.5Y,5,2,0,NA,NA,NA,ls,NA,NA,NA,NA,NA,Y,NA,52_4_X4.1 D14,NA,NA,NA,NA
52_4_X4.1,D,15,D15,230,262,32,2.5Y6/2,2.5Y,6,2,0,NA,NA,NA,fsl,NA,NA,NA,NA,NA,Y,NA,52_4_X4.1 D15,NA,NA,NA,NA
52_4_X4.1,D,16,D16,262,291,29,2.5Y6/2,2.5Y,6,2,0,NA,NA,NA,fsl,NA,NA,NA,NA,NA,Y,Y,52_4_X4.1 D16,NA,NA,NA,NA
52_4_X4.2,Oi,NA,Oi,0,4,4,5YR2.5/1,5YR,2.5,1,NA,NA,NA,NA,NA,NA,NA,NA,0,NA,Y,NA,52_4_X4.2 Oi,NA,NA,NA,NA
52_4_X4.2,Oe,NA,Oe,4,8,4,5YR2.5/1,5YR,2.5,1,NA,NA,NA,NA,NA,NA,NA,NA,0,NA,Y,NA,52_4_X4.2 Oe,NA,NA,NA,NA
52_4_X4.2,Oa,NA,Oa,8,16,8,5YR2.5/1,5YR,2.5,1,0,NA,NA,NA,NA,1mgr,NA,as,0,c,Y,NA,52_4_X4.2 Oa,NA,NA,NA,NA
52_4_X4.2,E,NA,E,16,25,9,7.5YR6/1,7.5YR,6,1,7.5YR4/1,NA,NA,NA,ls,2msbk,fr,as,2,f,Y,NA,52_4_X4.2 E,3.09,NA,NA,NA
52_4_X4.2,Bhs,NA,Bhs,25,38,13,7.5YR2.5/1,7.5YR,2.5,1,7.5YR3/2,NA,NA,NA,sl,2msbk,fr,cs,2,f,Y,NA,52_4_X4.2 Bhs,3.55,NA,NA,NA
52_4_X4.2,Bs,NA,Bs,38,58,20,7.5YR3/3,7.5YR,3,3,0,NA,NA,NA,sl,1msbk,fr,cs,5,f,Y,NA,52_4_X4.2 Bs,4.01,NA,NA,NA
52_4_X4.2,Cd,NA,Cd,58,62,4,2.5Y6/3,2.5Y,6,3,0,NA,NA,NA,sl,1msbk,fr,NA,8,NA,?,NA,52_4_X4.2 Cd,4.21,NA,NA,NA
52_4_X4.3,Oi,NA,Oi,0,3,3,5YR2.5/1,5YR,2.5,1,NA,NA,NA,NA,NA,NA,NA,NA,0,NA,N,NA,52_4_X4.3 Oi,NA,NA,NA,NA
52_4_X4.3,Oe,NA,Oe,3,5,2,5YR2.5/1,5YR,2.5,1,NA,NA,NA,NA,NA,NA,NA,NA,0,NA,N,NA,52_4_X4.3 Oe,NA,NA,NA,NA
52_4_X4.3,Oa,NA,Oa,5,8,3,5YR2.5/1,5YR,2.5,1,0,NA,NA,NA,NA,1mgr,NA,cs,0,c,N,NA,52_4_X4.3 Oa,NA,NA,NA,NA
52_4_X4.3,Bhs1,NA,Bhs1,8,12,4,5YR2.5/1,5YR,2.5,1,0,NA,NA,NA,sl,2msbk,fr,cs,0,c,N,NA,52_4_X4.3 Bhs1,NA,NA,NA,NA
52_4_X4.3,Bhs2,NA,Bhs2,12,25,13,10YR2/2,10YR,2,2,7.5YR2.5/2,NA,NA,NA,sl,2msbk,fr,cs,2,f,N,NA,52_4_X4.3 Bhs2,NA,NA,NA,NA
52_4_X4.3,Bhs3,NA,Bhs3,25,35,10,7.5YR2.5/2,7.5YR,2.5,2,0,NA,NA,NA,sl,1msbk,fr,NA,2,f,N,NA,52_4_X4.3 Bhs3,NA,NA,NA,NA
52_5_X5.1,Oi,NA,Oi,0,3,3,5YR2.5/1,5YR,2.5,1,NA,NA,NA,NA,NA,NA,NA,NA,0,NA,Y,NA,52_5_X5.1 Oi,NA,NA,NA,NA
52_5_X5.1,Oe,NA,Oe,3,6,3,5YR2.5/1,5YR,2.5,1,NA,NA,NA,NA,NA,NA,NA,NA,0,NA,Y,NA,52_5_X5.1 Oe,NA,NA,NA,NA
52_5_X5.1,Oa,NA,Oa,6,10,4,5YR2.5/1,5YR,2.5,1,0,NA,NA,NA,NA,2mgr,NA,cs,0,c,Y,NA,52_5_X5.1 Oa,NA,NA,NA,NA
52_5_X5.1,Bhs,NA,Bhs,10,18,8,7.5YR2.5/1,7.5YR,2.5,1,0,NA,NA,NA,sl,2msbk,fr,cs,2,f,Y,NA,52_5_X5.1 Bhs,NA,NA,NA,NA
52_5_X5.1,Bh,NA,Bh,18,44,26,10YR3/1,10YR,3,1,0,NA,NA,NA,sl,2msbk,fr,NA,5,f,Y,NA,52_5_X5.1 Bh,NA,NA,NA,NA
86_1_PFM,O,NA,O,NA,NA,0,5YR2.5/1,5YR,2.5,1,NA,NA,NA,NA,NA,NA,NA,NA,0,NA,N,NA,86_1_PFM O,NA,NA,NA,NA
86_1_W1.1,O,NA,O,0,17.5,17.5,5YR2.5/1,5YR,2.5,1,NA,NA,NA,NA,NA,NA,NA,NA,0,NA,N,NA,86_1_W1.1 O,NA,NA,NA,NA
86_1_W1.1,R,NA,R,17.5,17.5,0,NA,NA,NA,NA,NA,NA,NA,NA,NA,NA,NA,NA,NA,NA,Y,NA,86_1_W1.1 R,NA,NA,NA,NA
86_2_PFM,Oi,NA,Oi,0,4,4,5YR2.5/1,5YR,2.5,1,NA,NA,NA,NA,NA,NA,NA,NA,0,m,?,NA,86_2_PFM Oi,NA,NA,NA,NA
86_2_PFM,Oe,NA,Oe,4,12,8,5YR2.5/1,5YR,2.5,1,NA,NA,NA,NA,NA,NA,NA,NA,0,c,?,NA,86_2_PFM Oe,NA,NA,NA,NA
86_2_PFM,Oa,NA,Oa,12,19,7,5YR2.5/1,5YR,2.5,1,NA,NA,NA,NA,NA,NA,NA,NA,0,c,Y,Y,86_2_PFM Oa,NA,30.14081,1.858737,16.21574
86_2_PFM,E,NA,E,19,23,4,10YR4/2,10YR,4,2,NA,NA,NA,NA,ls,1msbk,fr,as,3,f,Y,Y,86_2_PFM E,NA,0.477826,0.012133,39.38271
86_2_PFM,R,NA,R,23,23,0,NA,NA,NA,NA,NA,NA,NA,NA,NA,NA,NA,NA,0,NA,N,NA,86_2_PFM R,NA,NA,NA,NA
86_2_W2.1,Oi,NA,Oi,0,3,3,5YR2.5/1,5YR,2.5,1,NA,NA,NA,NA,NA,NA,NA,NA,0,NA,Y,NA,86_2_W2.1 Oi,NA,NA,NA,NA
86_2_W2.1,Oe,NA,Oe,3,6,3,5YR2.5/1,5YR,2.5,1,NA,NA,NA,NA,NA,NA,NA,NA,0,m,Y,NA,86_2_W2.1 Oe,NA,NA,NA,NA
86_2_W2.1,Oa,NA,Oa,6,14,8,5YR2.5/1,5YR,2.5,1,0,NA,NA,NA,NA,1mgr,lo,ai,0,c,Y,NA,86_2_W2.1 Oa,NA,NA,NA,NA
86_2_W2.1,E,NA,E,14,29,15,10YR5/1,10YR,5,1,0,NA,NA,NA,sl,2msbk,fr,NA,1,NA,Y,NA,86_2_W2.1 E,NA,NA,NA,NA
86_2_W2.1,R,NA,R,29,29,0,NA,NA,NA,NA,NA,NA,NA,NA,NA,NA,NA,NA,0,NA,Y,NA,86_2_W2.1 R,NA,NA,NA,NA
86_2_W2.2,Oi,NA,Oi,0,5,5,5YR2.5/1,5YR,2.5,1,NA,NA,NA,NA,NA,NA,NA,as,0,c,Y,NA,86_2_W2.2 Oi,NA,NA,NA,NA
86_2_W2.2,Oe,NA,Oe,5,11,6,5YR2.5/1,5YR,2.5,1,NA,NA,NA,NA,NA,NA,NA,as,0,c,Y,NA,86_2_W2.2 Oe,NA,NA,NA,NA
86_2_W2.2,Oa,NA,Oa,11,16,5,5YR2.5/1,5YR,2.5,1,NA,NA,NA,NA,NA,1mgr,vfr,aw,0,c,Y,Y,86_2_W2.2 Oa,NA,33.98549,1.962904,17.31388
86_2_W2.2,E,1,E1,16,23,7,7.5YR5/1,7.5YR,5,1,NA,NA,NA,NA,ls,2msbk,fr,vas,2,f,Y,Y,86_2_W2.2 E1,3.64,0.658725,0.029334,22.45601
86_2_W2.2,E,2,E2,23,31,8,7.5YR5/1,7.5YR,5,1,NA,NA,NA,NA,ls,2msbk,fr,vas,2,f,Y,Y,86_2_W2.2 E2,3.65,0.723439,0.036919,19.59507
86_2_W2.2,R,NA,R,31,31,0,NA,NA,NA,NA,NA,NA,NA,NA,NA,NA,NA,NA,NA,NA,Y,NA,86_2_W2.2 R,NA,NA,NA,NA
86_3_PFM,Oi,NA,Oi,0,3,3,5YR2.5/1,5YR,2.5,1,NA,NA,NA,NA,NA,NA,NA,NA,0,m,?,NA,86_3_PFM Oi,NA,NA,NA,NA
86_3_PFM,Oe,NA,Oe,3,13,10,5YR2.5/1,5YR,2.5,1,NA,NA,NA,NA,NA,NA,NA,NA,0,m,?,NA,86_3_PFM Oe,NA,NA,NA,NA
86_3_PFM,Oa,NA,Oa,13,30,17,5YR2.5/1,5YR,2.5,1,0,NA,NA,NA,NA,2mgr,NA,cs,0,m,Y,Y,86_3_PFM Oa,NA,25.4651,1.739456,14.63969
86_3_PFM,Bhs1,NA,Bhs1,30,44,14,5YR2.5/1,5YR,2.5,1,0,NA,NA,NA,l,2msbk,fr,cw,0,c,Y,Y,86_3_PFM Bhs1,NA,17.80963,1.09577,16.25307
86_3_PFM,Bhs2,NA,Bhs2,44,72,28,7.5YR2.5/3,7.5YR,2.5,3,0,NA,NA,NA,sl,2msbk,fr,cs,5,f,Y,Y,86_3_PFM Bhs2,3.87,6.280102,0.214383,29.29383
86_3_PFM,C,NA,C,72,75,3,7.5YR3/4,7.5YR,3,4,7.5YR4/6,NA,NA,gr,ls,1msbk,fi,NA,25,NA,Y,Y,86_3_PFM C,4.04,1.239036,0.038591,32.10658
86_3_W3.1,Oi,NA,Oi,0,3,3,5YR2.5/1,5YR,2.5,1,NA,NA,NA,NA,NA,NA,NA,NA,0,NA,Y,NA,86_3_W3.1 Oi,NA,NA,NA,NA
86_3_W3.1,Oe,NA,Oe,3,8,5,5YR2.5/1,5YR,2.5,1,NA,NA,NA,NA,NA,NA,NA,NA,0,NA,Y,NA,86_3_W3.1 Oe,NA,NA,NA,NA
86_3_W3.1,Oa,NA,Oa,8,14,6,5YR2.5/1,5YR,2.5,1,5YR3/2,NA,NA,NA,NA,2mgr,NA,cs,0,c,Y,NA,86_3_W3.1 Oa,NA,NA,NA,NA
86_3_W3.1,Bhs1,NA,Bhs1,14,34,20,2.5Y2.5/1,2.5Y,2.5,1,0,NA,NA,NA,sl,2msbk,fr,cs,0,f,Y,NA,86_3_W3.1 Bhs1,NA,NA,NA,NA
86_3_W3.1,Bhs2,NA,Bhs2,34,45,11,2.5Y2.5/1,2.5Y,2.5,1,7.5YR3/3,NA,NA,NA,sl,2msbk,fr,cw,2,f,Y,NA,86_3_W3.1 Bhs2,NA,NA,NA,NA
86_3_W3.1,Bhs3,NA,Bhs3,45,52,7,7.5YR2.5/2,7.5YR,2.5,2,7.5YR4/6,NA,NA,NA,sl,2msbk,fr,NA,8,NA,Y,NA,86_3_W3.1 Bhs3,NA,NA,NA,NA
86_3_W3.2,Oi,NA,Oi,0,4,4,5YR2.5/1,5YR,2.5,1,NA,NA,NA,NA,NA,NA,NA,NA,0,f,Y,NA,86_3_W3.2 Oi,NA,NA,NA,NA
86_3_W3.2,Oe,NA,Oe,4,7,3,5YR2.5/1,5YR,2.5,1,NA,NA,NA,NA,NA,NA,NA,NA,0,f,Y,NA,86_3_W3.2 Oe,NA,NA,NA,NA
86_3_W3.2,Oa,NA,Oa,7,12,5,5YR2.5/1,5YR,2.5,1,2.5YR2.5/3,NA,NA,NA,NA,1mgr,vfr,cs,0,f,Y,Y,86_3_W3.2 Oa,NA,32.8011,1.869428,17.54606
86_3_W3.2,A,NA,A,12,17,5,5YR3/1,5YR,3,1,NA,NA,NA,NA,sl,2msbk,fr,ci,0,f,Y,Y,86_3_W3.2 A,3.19,10.66489,0.512992,20.78959
86_3_W3.2,Bhs1,NA,Bhs1,17,20,3,5YR2.5/2,5YR,2.5,2,NA,NA,NA,NA,sl,2msbk,fr,cs,0,f,Y,Y,86_3_W3.2 Bhs1,3.38,8.006473,0.398926,20.07007
86_3_W3.2,Bhs2,NA,Bhs2,20,34,14,7.5YR3/2,7.5YR,3,2,NA,NA,NA,NA,ls,2msbk,fr,aw,0,f,Y,NA,86_3_W3.2 Bhs2,NA,NA,NA,NA
86_3_W3.2,Bhs2,1,Bhs2.1,20,27,7,7.5YR3/2,7.5YR,3,2,NA,NA,NA,NA,ls,2msbk,fr,aw,0,f,Y,Y,86_3_W3.2 Bhs2.1,3.52,6.000777,0.283204,21.18887
86_3_W3.2,Bhs2,2,Bhs2.2,27,34,7,7.5YR3/2,7.5YR,3,2,NA,NA,NA,NA,ls,2msbk,fr,aw,0,f,Y,Y,86_3_W3.2 Bhs2.2,3.57,5.882711,0.291245,20.19847
86_3_W3.2,Bhs3,1,Bhs3.1,34,41,7,7.5YR3/3,7.5YR,3,3,NA,NA,NA,gr,ls,2msbk,vfr,ab,2,0,Y,Y,86_3_W3.2 Bhs3.1,3.73,2.385181,0.104066,22.91986
86_3_W3.2,Bhs3,2,Bhs3.2,41,49,8,7.5YR3/3,7.5YR,3,3,NA,NA,NA,gr,ls,2msbk,vfr,ab,2,0,Y,Y,86_3_W3.2 Bhs3.2,3.74,2.419421,0.109855,22.0237
86_3_W3.2,Bhs3,NA,Bhs3,34,49,15,7.5YR3/3,7.5YR,3,3,NA,NA,NA,gr,ls,2msbk,vfr,ab,2,0,Y,NA,86_3_W3.2 Bhs3,NA,NA,NA,NA
86_3_W3.2,C,NA,C,49,50,1,2.5Y6/3,2.5Y,6,3,NA,NA,NA,NA,s,m,fr,vw,25,0,N,NA,86_3_W3.2 C,NA,NA,NA,NA
86_3_W3.2,R,NA,R,50,50,0,NA,NA,NA,NA,NA,NA,NA,NA,NA,NA,NA,NA,NA,NA,Y,NA,86_3_W3.2 R,NA,NA,NA,NA
86_4_PFM,Oi,NA,Oi,0,2,2,5YR2.5/1,5YR,2.5,1,NA,NA,NA,NA,NA,NA,NA,NA,0,m,?,NA,86_4_PFM Oi,NA,NA,NA,NA
86_4_PFM,Oe,NA,Oe,2,5,3,5YR2.5/1,5YR,2.5,1,NA,NA,NA,NA,NA,NA,NA,NA,0,m,?,NA,86_4_PFM Oe,NA,NA,NA,NA
86_4_PFM,Oa,NA,Oa,5,10,5,5YR2.5/1,5YR,2.5,1,NA,NA,NA,NA,NA,1sbk,fr,as,0,m,Y,Y,86_4_PFM Oa,NA,NA,NA,NA
86_4_PFM,E,NA,E,10,16,6,10YR6/2,10YR,6,2,0,NA,NA,NA,NA,1sbk,fr,ci,0,f,Y,Y,86_4_PFM E,2.97,1.255347,0.060784,20.65265
86_4_PFM,Bhs,NA,Bhs,16,21,5,5YR2.5/1,5YR,2.5,1,0,NA,NA,NA,NA,2sbk,fr,ci,5,f,Y,Y,86_4_PFM Bhs,3.18,7.907612,0.377099,20.96961
86_4_PFM,Bs,NA,Bs,21,63,42,7.5YR3/4,7.5YR,3,4,0,NA,NA,NA,NA,2sbk,fr,gs,10,f,Y,Y,86_4_PFM Bs,3.88,6.097517,0.206474,29.53162
86_4_PFM,BC,NA,BC,63,101,38,10YR3/6,10YR,3,6,0,NA,NA,NA,NA,1sbk,vfr,NA,35,0,Y,Y,86_4_PFM BC,3.91,5.118129,0.185748,27.55422
86_4_W4.1,Oi,NA,Oi,0,5,5,5YR2.5/1,5YR,2.5,1,NA,NA,NA,NA,NA,NA,NA,NA,0,NA,Y,NA,86_4_W4.1 Oi,NA,NA,NA,NA
86_4_W4.1,Oe,NA,Oe,5,8,3,5YR2.5/1,5YR,2.5,1,NA,NA,NA,NA,NA,NA,NA,NA,0,NA,Y,NA,86_4_W4.1 Oe,NA,NA,NA,NA
86_4_W4.1,Oa,NA,Oa,8,15,7,5YR2.5/2,5YR,2.5,2,0,NA,NA,NA,NA,1mgr,vfr,as,0,m,Y,Y,86_4_W4.1 Oa,2.76,28.6483,1.50145,19.08042
86_4_W4.1,E,NA,E,15,19.5,4.5,7.5YR5/1,7.5YR,5,1,0,NA,NA,NA,ls,2msbk,vfr,aw,5,f,Y,Y,86_4_W4.1 E,3.03,1.23968,0.061877,20.03465
86_4_W4.1,Bhs,NA,Bhs,19.5,24,4.5,7.5YR2.5/2,7.5YR,2.5,2,0,NA,NA,NA,sl,2msbk,fr,cw,10,f,Y,Y,86_4_W4.1 Bhs,3.18,5.288785,0.243477,21.72186
86_4_W4.1,Bs,1,Bs1,24,33,9,7.5YR3/4,7.5YR,3,4,0,NA,NA,NA,sl,2msbk,fr,cs,10,f,Y,Y,86_4_W4.1 Bs1,3.64,2.82071,0.118811,23.74122
86_4_W4.1,Bs,2,Bs2,33,43,10,7.5YR3/4,7.5YR,3,4,0,NA,NA,NA,sl,2msbk,fr,cs,10,f,Y,Y,86_4_W4.1 Bs2,3.68,3.148525,0.140698,22.37796
86_4_W4.1,Bs,3,Bs3,43,53,10,7.5YR3/4,7.5YR,3,4,0,NA,NA,NA,sl,2msbk,fr,cs,10,f,Y,Y,86_4_W4.1 Bs3,3.89,NA,NA,NA
86_4_W4.1,BC,1,BC1,53,62,9,10YR3/4,10YR,3,4,5YR3/3,NA,NA,NA,sl,2mabk,fr,gs,20,0,Y,Y,86_4_W4.1 BC1,4.01,4.003479,0.167719,23.87013
86_4_W4.1,BC,2,BC2,62,82,20,10YR3/4,10YR,3,4,5YR3/3,NA,NA,NA,sl,2mabk,fr,gs,20,0,Y,Y,86_4_W4.1 BC2,4.09,2.693903,0.105418,25.55447
86_4_W4.1,D,1,D1,82,92,10,10YR5/3,10YR,5,3,5YR3/3,NA,NA,gr,sl,2mapl,NA,NA,30,NA,Y,Y,86_4_W4.1 D1,4.15,1.466083,0.04981,29.43361
86_4_W4.1,D,2,D2,100,110,10,10YR5/3,10YR,5,3,0,NA,NA,vgr,ls,NA,NA,NA,35,NA,Y,Y,86_4_W4.1 D2,4,1.243648,0.043857,28.3571
86_4_W4.1,D,3,D3,110,120,10,10YR5/3,10YR,5,3,0,NA,NA,gr,ls,NA,NA,NA,25,NA,Y,NA,86_4_W4.1 D3,NA,NA,NA,NA
86_4_W4.1,D,4,D4,125,135,10,10YR5/3,10YR,5,3,0,NA,NA,gr,s,NA,NA,NA,21,NA,Y,Y,86_4_W4.1 D4,4.23,0.588346,0.020705,28.415
86_5_W5.1,Oi,NA,Oi,0,5,5,5YR2.5/1,5YR,2.5,1,NA,NA,NA,NA,NA,NA,NA,NA,0,NA,Y,NA,86_5_W5.1 Oi,NA,NA,NA,NA
86_5_W5.1,Oe,NA,Oe,5,10,5,5YR2.5/1,5YR,2.5,1,NA,NA,NA,NA,NA,NA,NA,NA,0,NA,Y,NA,86_5_W5.1 Oe,NA,NA,NA,NA
86_5_W5.1,Oa1,NA,Oa1,10,13,3,2.5Y2.5/2,2.5Y,2.5,2,0,NA,NA,NA,NA,1mgr,NA,as,0,m,Y,NA,86_5_W5.1 Oa1,NA,NA,NA,NA
86_5_W5.1,Oa2,NA,Oa2,13,23,10,2.5Y2.5/1,2.5Y,2.5,1,0,NA,NA,NA,NA,2mgr,NA,as,0,m,Y,NA,86_5_W5.1 Oa2,NA,NA,NA,NA
86_5_W5.1,Bhs,NA,Bhs,23,32,9,7.5YR3/1,7.5YR,3,1,7.5YR2.5/1,NA,NA,NA,sl,2msbk,fr,cs,5,c,Y,NA,86_5_W5.1 Bhs,3.88,NA,NA,NA
86_5_W5.1,Bh1,NA,Bh1,32,51,19,10YR3/3,10YR,3,3,7.5YR2.5/1,NA,NA,NA,sl,2msbk,fr,cs,10,f,Y,NA,86_5_W5.1 Bh1,3.92,NA,NA,NA
86_5_W5.1,Bh2,NA,Bh2,51,64,13,10YR3/3,10YR,3,3,0,NA,NA,vgr,sl,1msbk,vfr,NA,35,NA,Y,NA,86_5_W5.1 Bh2,4.09,NA,NA,NA
86_5_W5.2,Oi,NA,Oi,0,3,3,5YR2.5/1,5YR,2.5,1,NA,NA,NA,NA,NA,NA,NA,NA,0,NA,Y,NA,86_5_W5.2 Oi,NA,NA,NA,NA
86_5_W5.2,Oe,NA,Oe,3,6,3,5YR2.5/1,5YR,2.5,1,NA,NA,NA,NA,NA,NA,NA,NA,0,NA,Y,NA,86_5_W5.2 Oe,NA,NA,NA,NA
86_5_W5.2,Oa,NA,Oa,6,11,5,5YR2.5/1,5YR,2.5,1,0,NA,NA,NA,NA,1msbk,NA,NA,0,c,Y,NA,86_5_W5.2 Oa,NA,NA,NA,NA
86_5_W5.2,Bhs,NA,Bhs,11,39,28,7.5YR2.5/1,7.5YR,2.5,1,10YR3/2,NA,NA,NA,sl,2msbk,fr,gs,0,f,Y,NA,86_5_W5.2 Bhs,NA,NA,NA,NA
86_5_W5.2,Bh,NA,Bh,39,56,17,10YR3/3,10YR,3,3,0,NA,NA,NA,sl,2msbk,fr,NA,2,NA,Y,NA,86_5_W5.2 Bh,NA,NA,NA,NA
86_5_W5.3,Oi,NA,Oi,0,3,3,5YR2.5/1,5YR,2.5,1,NA,NA,NA,NA,NA,NA,NA,NA,0,NA,Y,NA,86_5_W5.3 Oi,NA,NA,NA,NA
86_5_W5.3,Oe,NA,Oe,3,7,4,5YR2.5/1,5YR,2.5,1,NA,NA,NA,NA,NA,NA,NA,NA,0,NA,Y,NA,86_5_W5.3 Oe,NA,NA,NA,NA
86_5_W5.3,Oa,NA,Oa,7,17,10,5YR2.5/1,5YR,2.5,1,7.5YR2.5/2,NA,NA,NA,NA,1fsbk,NA,cs,0,m,Y,NA,86_5_W5.3 Oa,NA,NA,NA,NA
86_5_W5.3,Bhs,NA,Bhs,17,31,14,5YR2.5/1,5YR,2.5,1,0,NA,NA,NA,sl,2msbk,fr,as,0,c,Y,NA,86_5_W5.3 Bhs,NA,NA,NA,NA
86_5_W5.3,Bh,NA,Bh,31,48,17,10YR3/3,10YR,3,3,0,NA,NA,NA,sl,1msbk,fr,NA,2,f,Y,NA,86_5_W5.3 Bh,NA,NA,NA,NA
NA,NA,NA,NA,NA,NA,NA,NA,NA,NA,NA,NA,NA,NA,NA,NA,NA,NA,NA,NA,NA,NA,NA,86_3_PFM E,3.21,24.67273,1.000371,24.66357
NA,NA,NA,NA,NA,NA,NA,NA,NA,NA,NA,NA,NA,NA,NA,NA,NA,NA,NA,NA,NA,NA,NA,52_3_X3.1 D2,NA,0.131813,0.009174,14.36852
NA,NA,NA,NA,NA,NA,NA,NA,NA,NA,NA,NA,NA,NA,NA,NA,NA,NA,NA,NA,NA,NA,NA,52_4_d2 3,NA,0.043366,0.004196,10.33395
NA,NA,NA,NA,NA,NA,NA,NA,NA,NA,NA,NA,NA,NA,NA,NA,NA,NA,NA,NA,NA,NA,NA,42_3_V3.1 D11,NA,0.211023,0.00957,22.04999
NA,NA,NA,NA,NA,NA,NA,NA,NA,NA,NA,NA,NA,NA,NA,NA,NA,NA,NA,NA,NA,NA,NA,86_3_d2 2,NA,0.108273,0.010363,10.44808
NA,NA,NA,NA,NA,NA,NA,NA,NA,NA,NA,NA,NA,NA,NA,NA,NA,NA,NA,NA,NA,NA,NA,42_4_d1 2,NA,0.039066,0.009328,4.187982
